Web Developer,Arts,Data Science,Java Developer,HR,Advocate,Mechanical Engineering,Sales,Health and Fitness,Civil Engineer,Buisness Analyst,Operations Manager,Python Developer,SAP Developer,Automation Testing,Electrical Engineering,DevOps Engineer,Network Security Engineer,PMO,Database,Hadoop,ETL Developer,DotNet Developer,Blockchain
PHP,Psychology,Machine Learning,Java,Performance Management,Legal Research,Manufacturing,Sales,Functional Training,Concrete,Buisness Analysis,Product Development,Python,SAP Implementation,Selenium Webdriver,Engineering Design,docker,Team Management,Requirement Analysis,Database Administration,AD,Shell Scripting,.NET,Blockchain
CODELIGNITER,Economics,Statistics,Android,Human Resources,Corporate Law,PTC Creo,Buisness Development,Strength Conditional Specialist,Construction Management,Requirement Analysis,Supply Chain Operations,Software Development,Software Development ,Core Java,FEED,Ansible,Troubleshooting,JIRA,Logo Design,HDFS,Testing,ASP.NET,Hyperladger Fabric
LARAVEL,Politial Science,Calculus,C++,Recruiting,Litigation,AutoCAD,Market Research,Cardio Respiratory Training Specialist,Structural Engineering,Stakeholder Management,Production Planning,Django,SQL,Appium,Petrochemical,Python,CISCO Technology,Microsoft Project,Cloud Computing,Oozie,Data WareHousing,Angular JS,Requirement Analysis
WE SERVICIES,Pol Science,Artificial Intelligence,Software Development Life Cycle (SDLC),Policies,Commerce Litigation,CAD,Online Marketing,Body Weight Training,Project Estimation,User Acceptance Testing,Lean Manufacturing,Anaconda,Product Development,Automation Testing,Project Planning,Shell Scripting,Network Design,HP Quality Center,Database Design,Ambari,Informatica,Web Services,Agile
SEO,History,AI,Eclipse,New Hire Orientations,Intellectual Property,Computer Aided Design,Recruiting,Nutrition Expert,Planning,Unified Modeling Language UML,Product Management,Numpy,Architecture,Manual Testing,EPC,Research,OSPF,Microsoft Office,SQL,MapReduce,Extract Tranform Load,Microsoft SQL Server,Software Development
web services,Archaeology,ML,Netbeans,Screening,Civil Litigation,Metal Fabrication,Marketing Strategy,Lifestyle ,Civil Engineering,Strategic Planning,Operational Planning,Pandas,SOA,Software Testing,Power Plants,Programming,VPN,Microsoft Excel,PostgreSQL,Flume,SQL,Visual Studio,Commercial Banking
GAME DEVELOPMENT,,matplotlib,Oracle,Deferred Compensation,Competition Law,ASME,Financial Analysis,Personal Trainer,Manpower Management,IT Recruitment ,Vendor Management,Object Oriented Programming OOP,Agile,Software Testing,Refinery,Finance,Firewalls,PMO Services,UML,YARN,Testing,C#,Node.js
WORD PRESS,,scikit-learn,Servelets,Succession Planning,Copyright Law,ISO,Buisness Analysis,Fitness Training,Tendering,Research,Inventory Control,Multithreading,OOP,Git,Oil and Gas Industry,Testing,BGP,ALM,Software Documentation,Apache Pig,Shell Scripting,Software Development,Ethereum
ANGULAR js,,pandas,JavaServer Pages,Organizational Design,Mergers and Acquisitions,Piping and Instrumentation Drawing,Strategy,Strength Training,Site Supervision,Wireframing,Vendor Development,SQL,ERP,Maven,Control System Design,Software Quality Assurance,Technical Support,PMC,Big Data,Hive,Software Development Life Cycle,Javascript,Solidity
BOOTSTRAP,,numpy,,MIS,Securities Regulation,Design Engineering,Procurement,,AUTOCAD,Microsoft Office,Team Management,Flask,Integration,WebDriver,Power Distrubution,Java,VPN,MS Excel Pivot tables,DB@,Sqoop,Data Integration,ADO.NET,Web3
JQUERY,,Regression,,HRIS,Legal Advice,Construction,Marketing ,,Bridge Design Engineering,Team Management,Materials Management,Machine Learning,Requirement Analysis,Java,PLC Programming,Agile,Data Center,Customer Service,Sybase Products,Apache ZooKeeper,Buisness Analysis,jQuery,Pytthon
CSS,,SVM,,Human Resources Information Systems,Joint Ventures,,Team Management,,Shore Pilling,Gap Analysis,Project Planning,Data Structures,Product Management,TestNG,VFD,,Network Security  ,Strategic Planning,LINQ,CDH,Optimization,WCF,Cryptocurrency
HTML,,matlab,,Employee Relations,Contract Law,,Teamwork,,Interior Finishing,SDLC,Inventory Management,Selenium,Node.js,REST,Instrumentation,,Network Administration,PowerPoint,Oracle,LDAP,Data Visualization,OOP,Design Patterns
C#,,KNN,,Management,Arbitration,,Market Intelligence,,Rock Anchoring,Operational Risk Management,Total Quality Management,XML,SAP ERP,APACHE,Electrical Engineering,,Penetration Testing,,Database Architecture,HDP,Oracle Database,,retail
GIT,,Random Forest Classifier,,Strategy,Dispute Resolutions,,Sales Process,,Prestressed Concrete,Agile Methodologies,Material Requirement Planning,Linux,jQuery,Test Case,Automation,,Internet Protocol Suite,,Database Security,Pig,Data Migration,,e-commerce
WEB SCRAPING,,Naive Bayes,,Team Management,Legal Writing,,Enterprise Software,,,Requirement Gathering,,Javascript,SAP Products,,Electrical Design,,Switches,,Oracle Certified DBA,Ranger,,,bitcoin
FACEBOOK API,,Clustering,,Team Building,Legal Assistance,,B2B,,,,,,SAP Netweaver,,Manufacturing,,Routers,,,Knox,,,
GOOGLE MAPS API,,Analytics,,Talent Management,Due Diligence,,CRM,,,,,,SAP R/3,,Commisioning,,Linux,,,Kerberos,,,
web design,,Machine Learning,,,,,Entrepreneurship ,,,,,,Enterprise Software,,Process Control,,Tenable Nessus,,,,,,
software development,,Python,,,,,,,,,,,Netweaver,,Switchgear,,Kali Linux,,,,,,
software design,,Statistical Modeling,,,,,,,,,,,ERP,,,,Juniper,,,,,,
mobile application,,R,,,,,,,,,,,Implementation,,,,MySQL,,,,,,
java,,Buisness Analytics,,,,,,,,,,,Data Migration,,,,Nmap,,,,,,
core java,,Data Mining,,,,,,,,,,,ERP,,,,Mobile Security,,,,,,
web 2.0,,SAS Programming,,,,,,,,,,,R/3,,,,Networking,,,,,,
PHP,,Algorithms,,,,,,,,,,,,,,,Wireshark,,,,,,
DotNet,,SQL,,,,,,,,,,,,,,,Cryptography,,,,,,
ASP.NET ,,SAS ,,,,,,,,,,,,,,,Netcat,,,,,,
AJAX,,Data Analysis,,,,,,,,,,,,,,,Incident Response,,,,,,
CSS,,MySQL,,,,,,,,,,,,,,,CCNP,,,,,,
Javascript,,Data Visualisation,,,,,,,,,,,,,,,CCNA,,,,,,
java script,,Big Data,,,,,,,,,,,,,,,,,,,,,
reduxjs,,,,,,,,,,,,,,,,,,,,,,,
expressjs,,,,,,,,,,,,,,,,,,,,,,,
extjs,,,,,,,,,,,,,,,,,,,,,,,
CSS3,,,,,,,,,,,,,,,,,,,,,,,